Algorithm,Count,Mean,Median,Std Dev,Min,Max,Q1,Q3,IQR,Range
FIFO,28371,0.652315,0.7688,0.335548,0.0111,1.0,0.342,0.9733,0.6313,0.9889
LRU,28371,0.632383,0.7399,0.346874,0.0089,1.0,0.2929,0.9724,0.6795,0.9911
SIEVE,28371,0.590909,0.6483,0.349116,0.0088,1.0,0.24635,0.9472,0.70085,0.9912
